Data,Otwarcie,Zamkniecie,Maks.,Min.,Obrot (mln. zl),Zmiana (%)
2022-04-01,113.45,117.6,117.75,113.45,112.21,0
2022-04-01,113.45,117.6,117.75,113.45,129.02,4.16
2022-03-31,115,112.9,116.4,112.9,101.39,-1.66
2022-03-30,116.15,114.8,117,113.5,89.8,-2.09
2022-03-29,108,117.25,117.75,106.85,171.39,9.22
2022-03-28,108.65,107.35,110.55,106.8,116.88,-0.42
2022-03-25,110.5,107.8,110.55,106,107.49,-2.09
2022-03-24,110.3,110.1,111.7,109.1,262.94,0.64
2022-03-23,111.1,109.4,112,107.65,172.71,-0.55
2022-03-22,109.5,110,111.9,108.8,100.14,0.92
2022-03-21,112.75,109,115.15,108.45,128.07,-2.72
2022-03-18,113.2,112.05,114,111.75,183.58,-1.28
2022-03-17,114.4,113.5,116.7,111.7,165.15,0.67
2022-03-16,109.95,112.75,114.3,109.4,205.14,4.06
2022-03-15,103.65,108.35,109.5,103.6,93.42,3.59
2022-03-14,106.9,104.6,108.1,103.3,87.9,-0.38
2022-03-11,102,105,108.3,101.8,92.32,3.81
2022-03-10,106.8,101.15,107.15,100.65,170.95,-3.94
2022-03-09,98.2,105.3,106.9,97.3,212.22,10.77
2022-03-08,93.8,95.06,101,92.14,260.55,1.34
2022-03-07,86.04,93.8,97.5,82.46,389.63,2.49
2022-03-04,102.6,91.52,102.6,91.24,301.91,-12.21
2022-03-03,108,104.25,108.55,102.85,187.6,-2.43
2022-03-02,104.85,106.85,109,102.1,236.49,2
2022-03-01,115.25,104.75,117.55,104.75,260.65,-9.39
2022-02-28,114.5,115.6,118,110.8,375.44,-2.53
2022-02-25,106,118.6,118.7,105.5,269.68,17.14
2022-02-24,108.75,101.25,112,98.52,588.61,-14.52
2022-02-23,120.4,118.45,123,118.05,103.25,-1.41
2022-02-22,116,120.15,121.5,114.3,155.37,0.54
2022-02-21,128.15,119.5,129.2,119.5,161.05,-6.75
2022-02-18,129,128.15,131.45,128.15,52.41,-1.61
2022-02-17,135,130.25,135,130.2,57.82,-3.7
2022-02-16,134.15,135.25,136.4,132.6,86.56,2.04
2022-02-15,132,132.55,135.2,131.3,104.83,1.18
2022-02-14,129.5,131,133.25,127.2,144.07,-1.61
2022-02-11,134.3,133.15,135.2,131,194.07,-2.24
2022-02-10,137.1,136.2,137.7,134.7,107.28,-1.23
2022-02-09,138.1,137.9,138.5,136.25,122.26,0.22
2022-02-08,133.9,137.6,137.6,133.25,94.08,3.38
2022-02-07,134.8,133.1,136,131.2,116.83,-0.97
2022-02-04,138.2,134.4,138.35,134.2,113.81,-2.36
2022-02-03,137.45,137.65,138.15,135.85,58.79,0.15
2022-02-02,138.25,137.45,138.9,136.35,110.97,0.37
2022-02-01,136,136.95,138.4,136,57.58,1.07
2022-01-31,134.1,135.5,136,132.7,152.73,2.15
2022-01-28,135.45,132.65,135.45,130.3,120.02,-1.74
2022-01-27,132,135,137.15,130.55,148.75,1.69
2022-01-26,130.05,132.75,133.5,130.05,114.72,2.23
2022-01-25,127.75,129.85,130.7,126.75,139.62,1.45
2022-01-24,133.1,128,136.3,126.1,234.72,-4.55
2022-01-21,133.5,134.1,134.45,132.9,153.28,-0.33
2022-01-20,134.6,134.55,135.5,132.75,138.19,0.79
2022-01-19,131.5,133.5,136.25,130.2,102.36,0.98
2022-01-18,133.45,132.2,133.6,131.1,67.55,-1.38
2022-01-17,135.25,134.05,137,133.65,41.98,-1.32
2022-01-14,135.1,135.85,137,133.25,120.6,-0.44
2022-01-13,135.95,136.45,137.45,134.65,154.33,0.37
2022-01-12,132.3,135.95,137.7,131.75,314.88,3.34
2022-01-11,126.6,131.55,131.65,125.85,237.53,4.65
2022-01-10,123.95,125.7,126.85,123.45,73.54,1.53
2022-01-07,122.5,123.8,123.8,120.8,122.02,0.94
2022-01-05,124.15,122.65,124.15,121.3,99.92,-1.8
2022-01-04,124.7,124.9,126.75,123.55,121.16,0.2
2022-01-03,122.4,124.65,126.95,122,70.65,2.17
2021-12-31,122,122,122,122,0,0
2021-12-30,120.3,122,122.7,120.1,32.32,0.87
2021-12-29,121,120.95,122.8,119.75,37.19,-1.06
2021-12-28,119.05,122.25,122.85,118.75,47.43,2.86
2021-12-27,119.35,118.85,120,117.85,34.43,-0.38
2021-12-24,119.3,119.3,119.3,119.3,0,0
2021-12-23,114.35,119.3,119.3,114.35,55.67,3.87
2021-12-22,114.25,114.85,115,113.3,32.92,0.79
2021-12-21,114,113.95,114.9,113.35,35.33,-0.04
2021-12-20,111.2,114,114.3,110.2,43.28,0.18
2021-12-17,115,113.8,115.7,112.6,127.44,-1.9
2021-12-16,112.5,116,117.25,112.5,68.67,3.53
2021-12-15,113.35,112.05,113.35,110.35,52.35,-1.02
2021-12-14,115.3,113.2,115.65,111.55,67.94,-1.52
2021-12-13,115,114.95,116.85,113.45,48.84,-0.04
2021-12-10,115.7,115,116.15,114.2,12.21,-1.12
2021-12-09,118.05,116.3,118.95,114,63.55,-2.02
2021-12-08,120.6,118.7,121,117.55,43.99,-1.08
2021-12-07,118.5,120,121.45,118.3,87.99,1.52
2021-12-06,116.35,118.2,118.25,115.5,70.9,3.01
2021-12-03,117.25,114.75,118.6,114.3,76.14,-1.25
2021-12-02,117.9,116.2,117.9,115.6,100.31,-1.02
2021-12-01,120,117.4,120.95,116.3,167.38,1.21
2021-11-30,116,116,116,116,0,0
2021-11-29,113,116,116.95,110.3,118.66,3.2
2021-11-26,117.85,112.4,117.85,111.75,122.93,-7.11
2021-11-25,121,121,122.25,119.6,42.03,0.54
2021-11-24,121.4,120.35,122.5,119.2,160.99,-0.78
2021-11-23,119.3,121.3,121.8,117.2,266.51,1.29
2021-11-22,119.4,119.75,121.3,118.85,151.73,0.42
2021-11-19,122,119.25,123.95,116.45,138.15,-2.09
2021-11-18,125.2,121.8,125.2,120.85,105.04,-2.52
2021-11-17,125,124.95,126,124.45,95.77,0.36
2021-11-16,126.35,124.5,127.4,124,92.41,-1.5
2021-11-15,126.55,126.4,128.25,125.15,95.86,0.16
2021-11-12,126.85,126.2,127.8,123.75,183.05,-0.12
2021-11-10,127.5,126.35,130.2,125,124.31,-0.82
2021-11-09,128.1,127.4,129.5,127,87.45,-1.51
2021-11-08,130,129.35,130.3,127.8,52.25,-0.35
2021-11-05,130,129.8,131.75,128.6,89.84,0.23
2021-11-04,128.1,129.5,130.1,126.4,224.29,1.69
2021-11-03,130.95,127.35,133.6,126.3,207.99,-2.34
2021-11-02,132.55,130.4,132.55,127.75,163.28,-1.02
2021-10-29,124.55,131.75,131.75,123.75,172.59,6.25
2021-10-28,125,124,126.8,124,50.52,-1.08
2021-10-27,124.9,125.35,126.15,124.35,76.52,-0.16
2021-10-26,123.8,125.55,125.7,121.8,74.01,1.25
2021-10-25,122.35,124,124.95,121.8,125.47,0.61
2021-10-22,124,123.25,124.5,122.5,63.23,-0.68
2021-10-21,122.75,124.1,124.65,121.4,120.24,1.1
2021-10-20,121.65,122.75,123.8,120.8,129.84,1.03
2021-10-19,124.5,121.5,125.2,120.8,45.74,-1.94
2021-10-18,123.55,123.9,126.2,123.5,62.53,0.32
2021-10-15,123.1,123.5,124.2,121.8,117.21,0.16
2021-10-14,120.1,123.3,123.3,119.8,86.16,2.66
2021-10-13,122,120.1,123.1,119.6,102.56,-1.96
2021-10-12,121.2,122.5,123.45,120,134.14,0.41
2021-10-11,119.65,122,122.5,119,89.35,1.96
2021-10-08,116.9,119.65,120.2,116.7,179.12,2.35
2021-10-07,115.6,116.9,116.9,115.25,166.45,2.19
2021-10-06,111.45,114.4,116.9,109.9,184.34,2.65
2021-10-05,109.55,111.45,111.85,109,64.91,1.09
2021-10-04,108,110.25,113.3,106.85,161.69,1.61
2021-10-01,102,108.5,108.5,98.5,132.06,5.29
2021-09-30,105.15,103.05,105.15,102.7,68.53,-1.1
2021-09-29,104.1,104.2,104.9,103,20.97,0.82
2021-09-28,104.4,103.35,105.05,103,35.8,-1.48
2021-09-27,104.25,104.9,107.75,103.25,73.09,1.11
2021-09-24,103.35,103.75,104.2,102.5,25.43,0.44
2021-09-23,105,103.3,105.5,102.8,32.49,-1.1
2021-09-22,101.4,104.45,104.6,101.4,36.7,3.67
2021-09-21,99.42,100.75,101.3,99.42,62.02,1.34
2021-09-20,102.35,99.42,102.35,98.18,59.52,-3.8
2021-09-17,104.65,103.35,105.5,103,76.2,-2.13
2021-09-16,103.9,105.6,106,103.8,34.66,1.83
2021-09-15,105.6,103.7,106.45,103.65,50.52,-3.08
2021-09-14,107.2,107,107.65,106.1,49.66,-0.19
2021-09-13,104.35,107.2,107.2,104.3,36.39,2.68
2021-09-10,104.5,104.4,106.85,104,36.83,0.29
2021-09-09,106,104.1,106,103.4,44.58,-4.84
2021-09-08,109.8,109.4,109.8,108,47.07,-0.41
2021-09-07,109.8,109.85,111.2,109.1,43.99,-0.05
2021-09-06,108,109.9,109.9,107.7,31.9,1.76
2021-09-03,108.5,108,108.5,107.25,20.8,-0.6
2021-09-02,108,108.65,108.65,106,38.92,0.09
2021-09-01,107.35,108.55,108.85,107.3,49.32,1.26
2021-08-31,105.05,107.2,107.35,105,60.56,1.42
2021-08-30,104.8,105.7,107.45,104.65,41.5,1.05
2021-08-27,103.3,104.6,104.6,103.15,23.52,0.72
2021-08-26,103.9,103.85,104.5,103.2,15.41,-0.53
2021-08-25,102.6,104.4,104.45,101.65,42.69,1.26
2021-08-24,103.1,103.1,103.15,101.8,15.39,0.49
2021-08-23,102.6,102.6,103.15,102.2,16.31,0.44
2021-08-20,102.4,102.15,103.3,101.65,18.82,-0.29
2021-08-19,103.45,102.45,104.2,101.05,37.5,-1.77
2021-08-18,104.3,104.3,104.3,103.25,32.21,-0.14
2021-08-17,104,104.45,104.45,101.45,53.74,0.24
2021-08-16,103.6,104.2,104.8,103.15,22.75,-0.48
2021-08-13,103,104.7,104.7,102.2,32.46,1.6
2021-08-12,104.2,103.05,104.2,102.65,26.81,-1.2
2021-08-11,102.8,104.3,104.6,102.15,61.6,0.87
2021-08-10,102.45,103.4,103.8,101.3,80.26,0.93
2021-08-09,99.22,102.45,102.6,99.22,69.33,3.03
2021-08-06,98.6,99.44,100.45,98.3,49.33,0.85
2021-08-05,99,98.6,99.6,98,29.98,-0.4
2021-08-04,96.5,99,99.34,96.32,90.45,4.1
2021-08-03,96,95.1,96.2,94.3,30.82,-1.02
2021-08-02,94.9,96.08,96.3,94.74,27.34,2.08
2021-07-30,93.88,94.12,94.88,92.84,28.65,-0.13
2021-07-29,93.62,94.24,94.96,93.48,36.83,0.96
2021-07-28,91.16,93.34,94.28,91.16,34.51,2.37
2021-07-27,91.7,91.18,92.86,90.8,30.25,-0.78
2021-07-26,92.5,91.9,92.5,90.62,38.52,0.02
2021-07-23,91.36,91.88,92.38,91.36,20.33,0.5
2021-07-22,93.2,91.42,94.12,91.3,29.99,-1.89
2021-07-21,90.2,93.18,93.94,90.2,48.64,3.4
2021-07-20,89.94,90.12,91.2,88.74,28.07,0.2
2021-07-19,92.96,89.94,92.98,89.58,37.13,-3.29
2021-07-16,91.82,93,93.54,91.4,42.38,2.18
2021-07-15,92.1,91.02,93.06,90.56,47.45,-1.26
2021-07-14,91,92.18,93.1,90.82,33.37,1.3
2021-07-13,90.62,91,92.66,90.62,51.18,0.42
2021-07-12,92.4,90.62,92.4,89.02,45.21,-1.78
2021-07-09,91.02,92.26,92.48,90.58,32.48,1.27
2021-07-08,93,91.1,93,90.64,64.03,-2.5
2021-07-07,91.48,93.44,93.88,91.48,57.23,2.16
2021-07-06,94.5,91.46,95.14,91.38,47.15,-3.2
2021-07-05,94.24,94.48,95.32,94.1,15.22,0.25
2021-07-02,94.5,94.24,95.82,93.72,50.07,-0.08
2021-07-01,93.06,94.32,94.96,92.42,97.44,1.42
2021-06-30,98.88,93,98.94,92.5,180.44,-6.16
2021-06-29,102.25,99.1,102.35,98.52,121.2,-3.55
2021-06-28,102.7,102.75,103,101.05,44.05,0.05
2021-06-25,103,102.7,104.4,101.05,70.92,-0.05
2021-06-24,99.22,102.75,103.2,99.04,139.11,3.85
2021-06-23,98.64,98.94,99.98,98.64,33.12,-0.02
2021-06-22,98.8,98.96,99.56,98.34,67.12,0.47
2021-06-21,98.86,98.5,99.2,97.26,88.58,-0.87
2021-06-18,99,99.36,99.78,98.16,139.27,0.47
2021-06-17,98.4,98.9,99.48,98,60.35,0.41
2021-06-16,98.7,98.5,100.15,98.18,89.75,-0.61
2021-06-15,100.8,99.1,101.6,98.82,119.78,-1.44
2021-06-14,98.88,100.55,100.55,98.5,51.71,2.48
2021-06-11,99.24,98.12,99.8,97.82,73.6,-0.97
2021-06-10,96.04,99.08,100,95.04,93.85,3.42
2021-06-09,97,95.8,97.4,95.32,66.89,-1.38
2021-06-08,97.96,97.14,97.96,96.1,68.61,-0.92
2021-06-07,97.46,98.04,98.5,96.98,41.43,0.66
2021-06-04,97.2,97.4,97.98,96.36,70.4,0.72
2021-06-03,96.7,96.7,96.7,96.7,0,0
2021-06-01,95.98,96.7,97.44,94.2,59.52,0.77
2021-05-31,95,95.96,97.26,94.2,56.76,0.48
2021-05-28,93.76,95.5,95.5,93.52,120.34,1.86
2021-05-27,90.72,93.76,93.76,90.72,154.31,2.99
2021-05-26,92.2,91.04,92.2,90.14,77.09,-1.04
2021-05-25,91,92,92.16,90.22,54.55,1.1
2021-05-24,91.7,91,91.7,90.62,29.93,-0.76
2021-05-21,91.3,91.7,92.1,90.5,61.42,0.99
2021-05-20,90,90.8,91.24,89.58,101.03,0.89
2021-05-19,90.5,90,91,89.22,135.32,-0.88
2021-05-18,89.6,90.8,90.9,89.44,131.17,2.25
2021-05-17,85.8,88.8,88.88,85.64,83.16,4.2
2021-05-14,85.1,85.22,86,83.6,35.98,0.71
2021-05-13,83.3,84.62,84.7,81.74,41.12,0.55
2021-05-12,84,84.16,86.16,83.6,40.21,-0.45
2021-05-11,85,84.54,86.36,82.7,118.48,-1.15
2021-05-10,83.98,85.52,86.42,83.98,70.17,2.17
2021-05-07,83.48,83.7,83.98,81.64,49,2.2
2021-05-06,83.18,81.9,84.72,81.64,67.35,1.24
2021-05-05,80.66,80.9,81.18,79.94,31.61,1.3
2021-05-04,80.44,79.86,82.14,79.66,88.78,-0.22
2021-04-30,81.74,80.04,81.74,79.94,49.57,-1.36
2021-04-29,80.1,81.14,83.48,79.62,104.86,1.78
2021-04-28,77.18,79.72,79.9,77.14,87.16,3.34
2021-04-27,76.88,77.14,77.38,76.12,33.64,0.76
2021-04-26,75.98,76.56,76.72,75.54,49.03,0.76
2021-04-23,76.88,75.98,76.96,75.22,50.12,-0.91
2021-04-22,76.5,76.68,76.84,75.92,19.12,0.52
2021-04-21,76,76.28,76.28,75.22,30.5,0.37
2021-04-20,75.88,76,76.48,75.2,41.04,0.03
2021-04-19,76,75.98,77.78,75.62,46.15,-0.34
2021-04-16,76,76.24,76.64,75.34,54.73,0.32
2021-04-15,75.28,76,76,74.52,37.3,1.06
2021-04-14,74.52,75.2,75.26,74.5,38.33,0.97
2021-04-13,74.68,74.48,74.68,73.36,22.04,0
2021-04-12,73.1,74.48,75,72.54,37.39,2.06
2021-04-09,73.06,72.98,73.4,72.12,108.48,0.3
2021-04-08,73.9,72.76,73.9,72.32,38.66,-1.01
2021-04-07,72.66,73.5,73.74,72.16,56.41,1.16
2021-04-06,71.5,72.66,73.2,71.46,46.93,1.68
2021-04-05,71.46,71.46,71.46,71.46,0,0
2021-04-02,71.46,71.46,71.46,71.46,0,0
2021-04-01,71,71.46,71.46,70.28,27.61,1.19
2021-03-31,71.78,70.62,72.26,70.56,35.82,-0.9
2021-03-30,71.5,71.26,71.98,70.5,34.6,0
2021-03-29,70.72,71.26,71.64,70.52,29.79,0.88
2021-03-26,69.5,70.64,71.14,69.5,33.07,2.38
2021-03-25,70.08,69,70.92,68.56,58.76,-0.92
2021-03-24,71,69.64,71,69.5,44.63,-2.38
2021-03-23,71.4,71.34,71.7,70.22,61.43,1.77
2021-03-22,70.1,70.1,71.6,69.8,44.05,0.03
2021-03-19,71.64,70.08,71.94,70,101.22,-2.61
2021-03-18,70.98,71.96,72.46,70.78,72.22,2.36
2021-03-17,72,70.3,72,69.7,123.51,-2.9
2021-03-16,74.1,72.4,74.46,72.22,40.33,-2.32
2021-03-15,73.42,74.12,75.4,73.16,31.98,2.09
2021-03-11,74.2,72.6,74.48,71.66,91.63,-2.13
2021-03-10,73.1,74.18,74.46,73.08,53.77,1.34
2021-03-09,72.64,73.2,74.86,72.52,76.07,0.77
2021-03-08,71.76,72.64,72.78,70.62,58.86,1.74
2021-03-05,72.14,71.4,72.5,71.08,39,-1.16
2021-03-04,72.28,72.24,72.9,70.76,60.65,-0.93
2021-03-03,71.5,72.92,74.38,71.5,91.16,1.84
2021-03-02,71.38,71.6,73.66,70.62,96.99,-0.06
2021-03-01,68.92,71.64,71.88,68.34,89.01,5.66
2021-02-26,67.28,67.8,69.5,66.62,86.53,-0.59
2021-02-25,67.24,68.2,69.96,67.2,126.36,3.96
2021-02-24,65.24,65.6,65.98,65,39.06,0.18
2021-02-23,66.6,65.48,67.38,64.06,46.11,-1
2021-02-22,66.8,66.14,66.8,65.62,37.38,-1.55
2021-02-19,67.58,67.18,68.26,66.48,60.26,-0.47
2021-02-18,66.7,67.5,68.58,66.22,91.42,1.2
2021-02-17,68.74,66.7,68.74,66.56,114.01,-2.91
2021-02-16,66.28,68.7,69.6,65.82,76.37,4.03
2021-02-15,65,66.04,66.62,64.68,41.63,2.13
2021-02-12,66,64.66,66,64.2,29.23,-2.18
2021-02-11,64.4,66.1,66.5,63.9,30.65,3.09
2021-02-10,64.76,64.12,65.7,63.82,21.16,-0.9
2021-02-09,65.5,64.7,65.92,64.54,17.04,-1.22
2021-02-08,67,65.5,67.48,65.24,42.97,-0.76
2021-02-05,63.98,66,67.16,63.88,46.17,3.68
2021-02-04,63.8,63.66,65.22,63.4,46.28,-0.59
2021-02-03,65.88,64.04,66.6,63.84,59.95,-2.26
2021-02-02,64.44,65.52,65.9,64.18,33.78,2.25
2021-02-01,64,64.08,64.5,63.4,23.69,0.6
2021-01-29,63,63.7,64.5,62.8,53.74,-0.06
2021-01-28,62.48,63.74,64.48,61.52,59.1,1.17
2021-01-27,64.44,63,64.9,62.6,99.91,-2.23
2021-01-26,64,64.44,64.78,62.8,80.38,0.25
2021-01-25,65.9,64.28,66.18,63.28,69.29,-1.5
2021-01-22,65.4,65.26,65.88,64.4,40.59,-0.34
2021-01-21,67.26,65.48,67.8,65,47.01,-1.83
2021-01-20,66.5,66.7,67.28,65.06,73.3,0.54
2021-01-19,68.88,66.34,69.6,66.26,39.37,-2.44
2021-01-18,65.94,68,68.2,65.24,44.96,2.75
2021-01-15,67.66,66.18,68.32,65.58,55.85,-2.88
2021-01-14,69.32,68.14,69.6,67.16,61.48,-1.67
2021-01-13,68.94,69.3,69.84,67.52,55.4,0.99
2021-01-12,70.5,68.62,70.82,68,60.3,-2
2021-01-11,68.58,70.02,72.3,68.16,164.2,2.13
2021-01-08,66,68.56,70.1,65.8,127.36,3.88
2021-01-07,63.56,66,66,63.5,97.76,6.04
2021-01-05,61.42,62.24,62.9,61,49.08,1.2
2021-01-04,60,61.5,62.68,59,70.38,0.65
2020-12-31,61.1,61.1,61.1,61.1,0,0
2020-12-30,62.8,61.1,62.8,60.66,67.98,-3.17
2020-12-29,62.98,63.1,63.7,62.8,38.77,1.15
2020-12-28,61.96,62.38,62.96,61.8,43.27,2.13
2020-12-24,61.08,61.08,61.08,61.08,0,0
2020-12-23,60.06,61.08,61.4,59.76,26.81,1.77
2020-12-22,58.62,60.02,60.26,58.5,46.6,2.91
2020-12-21,58.7,58.32,58.96,56.34,50.03,-2.38
2020-12-18,60.1,59.74,61,58.62,73.43,-0.93
2020-12-17,62.8,60.3,63.26,58.5,125.57,-5.16
2020-12-16,62.5,63.58,63.58,61.82,89.19,2.55
2020-12-15,62.08,62,63.2,61.3,54.71,-0.77
2020-12-14,61.5,62.48,62.96,61.1,50.42,2.7
2020-12-11,62.9,60.84,64.2,59.12,79.01,-1.55
2020-12-10,63.8,61.8,63.94,60.94,66.99,-3.2
2020-12-09,59.84,63.84,64.86,59.76,152.12,6.93
2020-12-08,59.3,59.7,59.8,58.72,40.2,1.15
2020-12-07,59.5,59.02,59.94,58.22,39.46,-0.97
2020-12-04,58,59.6,59.8,58,43.14,2.79
2020-12-03,59.14,57.98,59.16,57.7,47.54,-1.99
2020-12-02,57.66,59.16,59.16,56.84,46.95,3.25
2020-12-01,57.2,57.3,57.98,56.64,40.78,0.99
2020-11-30,59,56.74,59,56.74,109.18,-4.38
2020-11-27,59.5,59.34,60,58.86,30.19,-0.64
2020-11-26,60.8,59.72,60.88,59.5,35.73,-1.58
2020-11-25,61.02,60.68,61.32,59.5,88.8,0.26
2020-11-24,59.2,60.52,60.52,58.88,69.64,3.03
2020-11-23,57.1,58.74,59.62,57.1,62.18,3.05
2020-11-20,55.56,57,57,54.54,40.9,2.08
2020-11-19,57.36,55.84,57.56,55.54,59.03,-3.62
2020-11-18,56.52,57.94,58.1,56.26,33.61,1.33
2020-11-17,56.94,57.18,58.34,55.44,101.6,0.6
2020-11-16,54.26,56.84,57.1,54.26,86.56,5.45
2020-11-13,53.98,53.9,54.18,53.04,37.16,-0.15
2020-11-12,52.5,53.98,54.2,52.38,162.77,3.69
2020-11-10,48.6,52.06,52.28,47.57,137.89,7.45
2020-11-09,44.4,48.45,48.84,43.4,109.19,9.47
2020-11-06,44.5,44.26,45.18,42.52,65.37,-1.64
2020-11-05,45,45,45.49,43.61,62.08,1.28
2020-11-04,44.4,44.43,45.61,43.18,44.49,-1.49
2020-11-03,44,45.1,45.37,43.8,65.76,3.56
2020-11-02,42.51,43.55,43.82,42.1,44.68,3.03
2020-10-30,41.6,42.27,42.44,41.4,45.58,0.38
2020-10-29,43.05,42.11,43.19,40.8,78.99,-2.07
2020-10-28,45.61,43,45.65,42.51,76.92,-6.62
2020-10-27,47.89,46.05,48.72,45.85,39.84,-3.82
2020-10-26,47.41,47.88,48.2,47.36,18.79,-0.25
2020-10-23,47.3,48,48.83,47.3,89.07,1.91
2020-10-22,46.86,47.1,47.52,46.2,49.64,0.43
2020-10-21,47.73,46.9,47.76,46.84,39.64,-1.45
2020-10-20,47.45,47.59,47.86,46.4,47.92,-0.27
2020-10-19,48.51,47.72,49.42,47.32,39.09,-1.14
2020-10-16,48.2,48.27,48.49,46.9,49.43,0.58
2020-10-15,50.26,47.99,50.5,47.79,51.89,-5.05
2020-10-14,50.24,50.54,51.46,50.06,40.38,0.84
2020-10-13,52.44,50.12,52.44,49.88,61.95,-3.73
2020-10-12,52.52,52.06,53.3,51.82,23.25,-0.95
2020-10-09,53.3,52.56,53.3,52.2,37.79,-1.61
2020-10-08,54.26,53.42,54.74,53.08,35.37,-1.37
2020-10-07,54.64,54.16,54.9,53.86,37.65,-1.35
2020-10-06,51.92,54.9,54.96,51.74,107.63,6.19
2020-10-05,50.58,51.7,51.7,50.58,45.88,2.91
2020-10-02,49.5,50.24,50.6,49.22,18.24,0.88
2020-10-01,50.68,49.8,50.68,49.56,17.23,-1.03
2020-09-30,49.33,50.32,50.58,48.92,30.58,1.88
2020-09-29,49.7,49.39,49.94,49.15,17.06,-0.62
2020-09-28,48.7,49.7,50.14,48.5,30.92,2.9
2020-09-25,48.7,48.3,49.15,48.05,47.16,-0.72
2020-09-24,48.15,48.65,48.73,47.77,22.58,0.31
2020-09-23,49.15,48.5,49.24,48.1,32,0
2020-09-22,48.9,48.5,49.29,47.85,17.98,-0.06
2020-09-21,50.26,48.53,50.78,48.31,68.8,-3.94
2020-09-18,51.3,50.52,51.3,50.28,63.64,-1.52
2020-09-17,50.3,51.3,51.38,49.99,28.05,0.59
2020-09-16,52,51,52,50.46,35.37,-1.7
2020-09-15,52.02,51.88,52.3,51.32,28.92,-0.57
2020-09-14,52,52.18,52.48,51.32,41.58,0.62
2020-09-11,51.48,51.86,52.3,51.12,34.79,0.93
2020-09-10,51,51.38,51.72,50.32,29.93,1.02
2020-09-09,49.9,50.86,51.38,49.71,33.65,2.19
2020-09-08,51,49.77,51.96,49.07,38.51,-2.41
2020-09-07,51.48,51,51.64,50.66,17.11,0.2
2020-09-04,50.4,50.9,51.08,50.22,47.83,0.12
2020-09-03,51,50.84,51.82,50.74,54.41,-0.31
2020-09-02,51.3,51,51.66,50.42,37.53,0.2
2020-09-01,52.68,50.9,52.68,50.32,59.95,-2.68
2020-08-31,54,52.3,54.24,52.02,44.56,-2.93
2020-08-28,53.5,53.88,55.16,53.5,21.21,-0.19
2020-08-27,53.8,53.98,54.12,53.44,15.25,-0.04
2020-08-26,54,54,55.08,53.44,26.8,0
2020-08-25,54.86,54,55.2,53.76,15.46,-0.74
2020-08-24,53.66,54.4,54.56,53.3,19.41,2.45
2020-08-21,53.22,53.1,53.66,52.72,29.78,0.72
2020-08-20,53.52,52.72,54.1,52.6,32.32,-1.86
2020-08-19,54.64,53.72,55.3,53.66,25.07,-1.68
2020-08-18,55.76,54.64,55.96,54.26,33.73,-2.71
2020-08-17,56.48,56.16,56.88,55.36,19.63,-0.74
2020-08-14,56.1,56.58,56.58,55.16,13.86,0.5
2020-08-13,56.6,56.3,57,56.04,27.15,-0.46
2020-08-12,56.54,56.56,57.42,55.5,42.7,-0.25
2020-08-11,54.42,56.7,56.7,54.2,60.08,4.54
2020-08-10,53.1,54.24,54.54,53,34.24,2.19
2020-08-07,53.06,53.08,53.24,52.12,33.18,0.57
2020-08-06,53.74,52.78,54.6,52.3,34.8,-0.98
2020-08-05,55.9,53.3,56,53.18,60.01,2.19
2020-08-04,51.54,52.16,52.34,51.32,26.57,2.52
2020-08-03,50.6,50.88,51.54,50.16,22.8,0.59
2020-07-31,51.2,50.58,51.68,50.52,38.55,-0.67
2020-07-30,53.1,50.92,53.32,50.62,48.21,-4.11
2020-07-29,53.36,53.1,53.56,52.68,33.97,-0.67
2020-07-28,53.6,53.46,54.12,52.9,27.76,0
2020-07-27,54.94,53.46,55.2,52.86,47.72,-2.59
2020-07-24,54.6,54.88,54.88,54.04,19.72,0.26
2020-07-23,56.1,54.74,56.26,54.36,51.41,-1.9
2020-07-22,57.36,55.8,57.68,55.8,38.49,-2.72
2020-07-21,56.6,57.36,58.9,56.2,102.69,2.61
2020-07-20,55.12,55.9,56.06,54.62,28.8,0.94
2020-07-17,56.3,55.38,56.3,54.88,25.7,-1.63
2020-07-16,56.5,56.3,56.5,55.62,31.18,-0.67
2020-07-15,55.1,56.68,56.94,55.02,61.25,3.05
2020-07-14,55.5,55,55.98,54.38,45.33,-1.54
2020-07-13,56,55.86,56.46,55.78,29.83,0.29
2020-07-10,54.5,55.7,55.7,53.98,30.2,1.27
2020-07-09,54.98,55,55.38,54.4,22.34,0.92
2020-07-08,54.7,54.5,55.06,54.3,29.64,-1.12
2020-07-07,56,55.12,56,54.8,31.02,-1.78
2020-07-06,55.98,56.12,56.76,55.52,32.01,2.04
2020-07-03,55.8,55,55.8,54.62,20.6,-1.08
2020-07-02,54,55.6,55.92,54,65.15,3.42
2020-07-01,53.84,53.76,54.26,52.7,51.23,-0.15
2020-06-30,53.34,53.84,53.94,52.26,60.59,1.09
2020-06-29,52.8,53.26,53.44,51.72,35.03,0.83
2020-06-26,54.68,52.82,54.68,52.82,32.17,-2.55
2020-06-25,54.3,54.2,54.36,53.12,95.14,-0.73
2020-06-24,56.44,54.6,56.7,54.6,56.62,-3.19
2020-06-23,54.4,56.4,56.7,54.16,54.65,4.75
2020-06-22,54.64,53.84,54.7,53.62,45.8,-2
2020-06-19,55.48,54.94,55.5,54.52,77.67,-0.51
2020-06-18,54.86,55.22,55.72,54.28,50.25,0.22
2020-06-17,56.3,55.1,56.78,54.6,60.98,-1.78
2020-06-16,54.2,56.1,56.8,53.92,99.26,6.78
2020-06-15,53.5,52.54,53.5,52.14,88.33,-2.81
2020-06-12,54,54.06,55.58,53.3,162.78,-7.02
2020-06-11,58.14,58.14,58.14,58.14,0,0
2020-06-09,60.8,58.14,61.64,57.56,163.75,-3.1
2020-06-08,57.48,60,60.3,57.1,168.34,4.71
2020-06-05,55.5,57.3,57.48,55.16,147.36,4.18
2020-06-04,54.5,55,55.08,53.62,116.68,0.95
2020-06-03,52.8,54.48,54.48,52.3,128.42,3.97
2020-06-02,53.28,52.4,53.32,51.86,104.25,-1.17
2020-06-01,53.34,53.02,53.96,52.3,67.86,0.88
2020-05-29,52.52,52.56,52.94,51.1,303.86,-1.57
2020-05-28,56,53.4,57.72,52.7,322.67,-3.64
2020-05-27,53.48,55.42,56.28,53,300.72,3.67
2020-05-26,51.9,53.46,53.46,51.7,140.75,3.81
2020-05-25,51.22,51.5,51.5,50.62,12.68,1.66
2020-05-22,51.1,50.66,51.1,50.02,74.61,-2.2
2020-05-21,51.4,51.8,52,51.02,62.6,0.7
2020-05-20,51.48,51.44,51.78,50.82,71.39,-0.43
2020-05-19,52.3,51.66,52.44,51.2,92.83,-0.08
2020-05-18,50.54,51.7,51.76,49.9,76.97,3.36
2020-05-15,50,50.02,50.6,49.7,57.79,0.75
2020-05-14,50.5,49.65,50.5,48.7,64.97,-2.46
2020-05-13,50.7,50.9,52.8,50.44,112.4,-0.74
2020-05-12,49.86,51.28,51.28,48.26,101.37,5.62
2020-05-11,50.32,48.55,50.42,48.55,35.9,-2.72
2020-05-08,50.7,49.91,50.9,49.8,20.43,0.22
2020-05-07,49.46,49.8,50.4,48.67,50.43,1.12
2020-05-06,50.48,49.25,50.58,49.06,89.2,-1.5
2020-05-05,50.5,50,50.84,49.64,59.8,0.1
2020-05-04,51,49.95,51,49.62,50.25,-3.91
2020-04-30,52.4,51.98,53.26,51.44,133.95,0.31
2020-04-29,49.01,51.82,52,48.94,154.54,5.93
2020-04-28,47.97,48.92,49.81,47.1,126.18,1.92
2020-04-27,50.1,48,50.16,47.62,190.77,-2.66
2020-04-24,49.8,49.31,50.14,48.1,121.75,-1.97
2020-04-23,51.72,50.3,51.72,49.2,146.46,-1.95
2020-04-22,52.5,51.3,53,50.7,118.51,-2.29
2020-04-21,54.7,52.5,54.7,52.5,52.73,-4.44
2020-04-20,54.9,54.94,54.94,53.5,49.96,0.73
2020-04-17,54.5,54.54,54.96,53.8,56.48,1.41
2020-04-16,55,53.78,55.06,53.28,66.43,-0.96
2020-04-15,57.5,54.3,57.58,54.02,83.46,-4.03
2020-04-14,57,56.58,57.1,55.5,210.21,1.47
2020-04-13,55.76,55.76,55.76,55.76,0,0
2020-04-10,55.76,55.76,55.76,55.76,0,0
2020-04-09,56.9,55.76,57.2,54.7,163.27,0.47
2020-04-08,61.04,55.5,62.38,54.92,156.45,-9.49
2020-04-07,58,61.32,62.8,57.8,116.52,7.54
2020-04-06,54.8,57.02,57.3,54.52,55.82,6.78
2020-04-03,53.42,53.4,53.64,52.52,38.39,-1.15
2020-04-02,54.76,54.02,54.8,53.04,58.26,0
2020-04-01,55.2,54.02,55.8,54.02,47.35,-3.78
2020-03-31,56.3,56.14,57.26,55,49.96,0.25
2020-03-30,56,56,56.16,53.88,27.95,1.23
2020-03-27,57.46,55.32,58.2,54.6,43.9,-2.95
2020-03-26,54.88,57,57.5,52.3,48.32,3.26
2020-03-25,57,55.2,57.9,53.3,63.32,1.28
2020-03-24,55.64,54.5,56.18,53.86,53.4,2.64
2020-03-23,55,53.1,55.26,53,49.44,-6.51
2020-03-20,55,56.8,58.2,54.6,121.45,7.17
2020-03-19,52.6,53,54.54,51.86,88.43,0.49
2020-03-18,54,52.74,56.76,52.32,85.26,-5.72
2020-03-17,57.78,55.94,60.38,52.8,122.72,0.32
2020-03-16,61,55.76,61,54.9,87.49,-12.44
2020-03-13,62.5,63.68,67.32,61,127.75,-20.66
2020-03-12,80.26,80.26,80.26,80.26,0,0
2020-03-11,80.26,80.26,80.26,80.26,0,0
2020-03-10,83,80.26,83.98,80,62.16,-2.48
2020-03-09,85,82.3,86,80.54,69.14,-8.23
2020-03-06,91.9,89.68,92.4,88.82,84.61,-3.47
2020-03-05,95.32,92.9,95.74,92.66,48.27,-1.32
2020-03-04,94.4,94.14,95.88,93.4,49.99,-0.68
2020-03-03,90.2,94.78,95.28,90.02,93.5,6.18
2020-03-02,89.9,89.26,92.72,87.16,67.76,1.39
2020-02-28,91.48,88.04,92.5,88,144.93,-5.84
2020-02-27,95,93.5,96.44,92.4,67.14,-1.97
2020-02-26,95,95.38,96.38,93.58,71.23,0.59
2020-02-25,96.56,94.82,97.2,94.24,55.99,-1.8
2020-02-24,99.72,96.56,99.72,96.46,65.98,-4.25
2020-02-21,101.95,100.85,102.05,100.7,36.25,-1.47
2020-02-20,102.25,102.35,103.1,101.55,35.96,0.39
2020-02-19,101.65,101.95,102.2,100.9,44.3,0.34
2020-02-18,101,101.6,102.55,100.55,30.3,0
2020-02-17,101.95,101.6,102.4,100.15,29.08,0.54
2020-02-14,103.8,101.05,103.8,100.55,16.58,-1.85
2020-02-13,103.7,102.95,103.7,101.1,37.57,-0.68
2020-02-12,102.5,103.65,104.75,102.45,72.3,1.27
2020-02-11,101.35,102.35,102.45,100.4,38.41,1.49
2020-02-10,101.75,100.85,101.85,100.2,30.79,-0.88
2020-02-07,99.88,101.75,101.75,99.52,34.74,0.99
2020-02-06,99.8,100.75,100.9,98.74,69.09,1.77
2020-02-05,97.38,99,99.38,96.3,63.31,2
2020-02-04,101.15,97.06,101.3,95.52,148.61,-3.09
2020-02-03,98.4,100.15,100.4,98.4,37.46,1.18
2020-01-31,99.88,98.98,99.88,97.42,67.32,0.16
2020-01-30,98.8,98.82,99.76,98.24,65.74,-0.6
2020-01-29,98.2,99.42,99.44,97.8,46.34,1.24
2020-01-28,97.7,98.2,98.66,97.22,91.22,0.76
2020-01-27,100,97.46,100.2,97.46,69.94,-3.02
2020-01-24,100.9,100.5,102.05,100.4,35.46,-0.4
2020-01-23,100.95,100.9,101.3,100.05,45.67,0
2020-01-22,101.75,100.9,101.8,100.2,30.83,0
2020-01-21,101.5,100.9,101.95,100.55,19.42,-0.79
2020-01-20,103.2,101.7,103.25,101.7,26.93,-1.74
2020-01-17,102.3,103.5,105.2,102.3,66.51,0.78
2020-01-16,102.8,102.7,103.45,101.45,82.36,0.2
2020-01-15,104.9,102.5,105.1,102.15,110.65,-2.38
2020-01-14,106.9,105,106.9,104.7,204.85,-1.41
2020-01-13,104.95,106.5,107.6,104.1,147.1,1.48
2020-01-10,102.75,104.95,104.95,102,89.15,2.14
2020-01-09,100.2,102.75,102.75,99.7,94.84,3.77
2020-01-08,100.6,99.02,100.6,99,37.48,-1.52
2020-01-07,101.45,100.55,102.3,99.6,34.22,-1.23
2020-01-03,101.95,101.8,101.95,100.7,39.8,-0.2
2020-01-02,101.6,102,102.45,100.8,44.95,1.54
2019-12-31,100.45,100.45,100.45,100.45,0,0
2019-12-30,100.9,100.45,101.3,100.3,18.55,-0.69
2019-12-27,100.95,101.15,101.55,100.65,28.99,-0.1
2019-12-24,101.25,101.25,101.25,101.25,0,0
2019-12-23,100.1,101.25,101.25,99.68,36.46,1.15
2019-12-20,100.3,100.1,100.7,99.82,100.95,-0.6
2019-12-19,100.4,100.7,100.8,99.88,36.77,0.4
2019-12-18,99.66,100.3,100.6,99.02,115.14,0.8
2019-12-17,98.9,99.5,100.55,98.3,94.19,0.87
2019-12-16,98.42,98.64,99.42,97.8,41.26,0.22
2019-12-13,99.5,98.42,99.5,97.7,48.76,-0.14
2019-12-12,95.36,98.56,98.82,95.36,110.18,3.92
2019-12-11,94.3,94.84,94.94,91.26,89.47,0.92
2019-12-10,95.48,93.98,95.48,93.6,51.57,-1.28
2019-12-09,96,95.2,96,94.24,71.44,-0.34
2019-12-06,97,95.52,97,95.34,60.35,-1.77
2019-12-05,96.5,97.24,98.4,95.2,105.45,0.93
2019-12-04,96.8,96.34,98.68,96.34,117.83,-0.48
2019-12-03,100,96.8,100.75,96.8,120.84,-3.01
2019-12-02,103.6,99.8,104.05,99.8,78.4,-4.77
2019-11-29,103.55,104.8,104.9,103.55,61.34,0.29
2019-11-28,103.5,104.5,104.75,102.1,52.01,1.16
2019-11-27,103.85,103.3,104.3,103.15,26.95,-0.53
2019-11-26,105,103.85,105.45,103.3,167.36,-0.81
2019-11-25,104.1,104.7,104.8,103.7,35.82,0.29
2019-11-22,104.2,104.4,104.75,103.3,38.45,0.05
2019-11-21,103.7,104.35,104.35,103.1,51.69,0.34
2019-11-20,103.35,104,104,102.7,30.98,0.39
2019-11-19,103.75,103.6,103.9,102.9,38.25,0.1
2019-11-18,104.6,103.5,104.95,102.55,34.2,-0.48
2019-11-15,103.65,104,104.35,103.25,35.18,0.48
2019-11-14,102.5,103.5,104.35,102.45,39.34,0.98
2019-11-13,104.5,102.5,104.5,101.85,68.18,-1.68
2019-11-12,105.3,104.25,105.5,104.1,103.44,-0.76
2019-11-08,105.5,105.05,106,104.6,63.15,-0.85
2019-11-07,106.4,105.95,106.75,104.9,74.16,-0.42
2019-11-06,109,106.4,110,106.05,84.88,-1.98
2019-11-05,109.05,108.55,109.25,108.1,46.87,-0.6
2019-11-04,108.5,109.2,109.25,107.35,102.34,1.3
2019-10-31,110.55,107.8,110.8,107.8,103.05,-2
2019-10-30,111.8,110,112.15,109.65,47.74,-1.7
2019-10-29,112.4,111.9,112.85,110.9,81.34,0.27
2019-10-28,110.6,111.6,112,110.25,47.51,-0.09
2019-10-25,113.1,111.7,113.9,110.8,189.93,-1.37
2019-10-24,109.05,113.25,113.25,109.05,151.38,3.66
2019-10-23,108.3,109.25,109.25,107.3,47.94,0.6
2019-10-22,107.9,108.6,108.6,106.9,53.85,0.74
2019-10-21,106.2,107.8,107.8,106.15,20.06,1.22
2019-10-18,106.8,106.5,107.2,105.7,54.26,-1.02
2019-10-17,106.9,107.6,108.2,106.4,56.37,0.75
2019-10-16,105.05,106.8,107,105.05,74.99,1.23
2019-10-15,104,105.5,105.5,103.3,45.71,1.93
2019-10-14,104.55,103.5,104.55,103.2,26.56,-1
2019-10-11,104.5,104.55,104.95,103.55,66.21,0.53
2019-10-10,104.3,104,104.5,102.65,44.75,-0.24
2019-10-09,102.45,104.25,104.8,101.7,41.51,2.11
2019-10-08,101.25,102.1,102.1,100.9,60.72,0.54
2019-10-07,101.95,101.55,101.95,100.8,25.96,0.05
2019-10-04,100,101.5,101.95,100,47.84,1.25
2019-10-03,99,100.25,101.6,98.3,95.17,0.88
2019-10-02,101.1,99.38,101.5,99.26,36.12,-2.19
2019-10-01,102.6,101.6,102.7,101.1,34.95,-0.78
2019-09-30,102.7,102.4,103.7,102.3,29.29,-1.16
2019-09-27,103.55,103.6,103.95,103,22.45,0.05
2019-09-26,104.35,103.55,104.35,102.45,29.05,-0.38
2019-09-25,102.35,103.95,103.95,102,36.82,1.12
2019-09-24,102.9,102.8,103.7,102.05,61.89,0.78
2019-09-23,104.05,102,104.1,101.85,47.76,-2.02
2019-09-20,106.25,104.1,106.25,103.65,120.67,-1.42
2019-09-19,105.85,105.6,106.25,104.6,42.86,-0.28
2019-09-18,104.3,105.9,106.2,104.2,38.2,0.95
2019-09-17,106.95,104.9,107,104.7,78.13,-1.96
2019-09-16,106.9,107,108.35,106.15,94.12,-0.33
2019-09-13,107.4,107.35,107.7,106.85,45.14,-0.05
2019-09-12,107.5,107.4,108.2,106.65,88.3,0.05
2019-09-11,106.9,107.35,107.95,106.85,75.29,0.23
2019-09-10,105.65,107.1,108.5,105.05,132,1.47
2019-09-09,101.3,105.55,105.75,101.2,161.72,4.2
2019-09-06,100,101.3,101.3,99.96,66.42,1.38
2019-09-05,99,99.92,99.92,98.54,75.69,1.2
2019-09-04,99.1,98.74,100,98.24,97.75,-0.7
2019-09-02,98,99.44,99.7,97.66,57.9,2.16
2019-08-30,94.1,97.34,97.34,93.94,76.39,3.97
2019-08-29,95.5,93.62,96.3,93.5,56.88,-1.97
2019-08-28,96.1,95.5,97.8,95,83.65,-0.62
2019-08-27,97,96.1,97,94.84,142.08,-0.37
2019-08-26,97,96.46,97.52,96.1,49.69,-1.09
2019-08-23,97.58,97.52,98.7,96.28,34.91,-0.02
2019-08-22,98.46,97.54,98.76,97.34,49.57,-0.63
2019-08-21,98.08,98.16,98.72,97.98,33.73,0.12
2019-08-20,98.94,98.04,98.94,97.52,80.58,-0.26
2019-08-19,99.36,98.3,99.36,97.72,38.45,0.31
2019-08-16,97.38,98,98.54,97.1,82.19,1.03
2019-08-14,98.36,97,98.38,96.88,61.84,-1.52
2019-08-13,97.2,98.5,99.62,96.46,79.39,1.34
2019-08-12,98.02,97.2,98.34,95.86,62.59,-0.06
2019-08-09,99.16,97.26,99.18,97.18,95.55,-1.22
2019-08-08,98.4,98.46,99.04,97.6,73.72,1.42
2019-08-07,98.4,97.08,99.52,96.6,65.54,-0.53
2019-08-06,97,97.6,99.14,96.62,104.29,0.62
2019-08-05,100.15,97,100.4,97,78.09,-3.34
2019-08-02,99.62,100.35,101.55,98.94,66.91,0.47
2019-08-01,102.85,99.88,103.3,99.6,100.25,-3.17
2019-07-31,103.5,103.15,103.9,101.5,93.52,-0.48
2019-07-30,103.9,103.65,104.8,103.65,41.77,-0.77
2019-07-29,103.95,104.45,104.5,103.3,22.56,0.82
2019-07-26,104.85,103.6,104.85,103.4,30.9,-0.48
2019-07-25,106,104.1,106.2,104.1,37.76,-1.61
2019-07-24,106.05,105.8,106.3,105,26.7,-0.42
2019-07-23,105.9,106.25,106.5,105.55,58,0.09
2019-07-22,106.85,106.15,106.85,105.85,48.32,-0.23
2019-07-19,105.6,106.4,107.35,105.1,56.56,-0.09
2019-07-18,105,106.5,106.65,104.2,114.34,1.67
2019-07-17,104.9,104.75,105.35,104.5,46.43,0.19
2019-07-16,105.2,104.55,105.55,104,27.77,-0.38
2019-07-15,105.45,104.95,105.45,104.3,31.34,0
2019-07-12,106.25,104.95,106.4,104.25,29.1,-0.24
2019-07-11,105.1,105.2,106.45,104.65,47.71,0.53
2019-07-10,104.9,104.65,106.9,103.8,71.48,-0.62
2019-07-09,102.8,105.3,105.3,102.25,91.88,-3.39
2019-07-08,110.1,109,110.1,108.55,69.76,-0.55
2019-07-05,111,109.6,111.35,108.95,78.09,-1.13
2019-07-04,112,110.85,112,110.35,54.38,-0.18
2019-07-03,112.85,111.05,112.85,111.05,50.54,-1.68
2019-07-02,112.8,112.95,113.2,112.1,77.48,0.27
2019-07-01,112.6,112.65,114,112.35,46.45,0.76
2019-06-28,112,111.8,112.4,111.45,46.71,-0.36
2019-06-27,111.6,112.2,112.7,111.4,45.73,0.63
2019-06-26,112,111.5,112.6,110.75,74.64,0.09
2019-06-25,113.9,111.4,113.9,111.4,118.25,-2.41
2019-06-24,114.1,114.15,114.45,113.7,27.34,0.44
2019-06-21,114.55,113.65,114.75,113.5,173.86,-0.74
2019-06-19,114.1,114.5,114.9,113.9,52.43,0.44
2019-06-18,112.55,114,114.85,112.35,101.88,1.65
2019-06-17,111.6,112.15,113.15,111.6,32.22,0.36
2019-06-14,111.85,111.75,112.25,111.2,35.24,-0.49
2019-06-13,110.1,112.3,112.35,108.85,69.61,1.77
2019-06-12,110.55,110.35,111.05,109.6,70.69,-0.59
2019-06-11,110.9,111,112.4,110.55,156.08,0.41
2019-06-10,111.15,110.55,111.85,110.05,31.61,-0.9
2019-06-07,110.1,111.55,112,110.1,39.42,0.86
2019-06-06,108.95,110.6,111.5,108.55,97.7,1.47
2019-06-05,108.2,109,109.3,108,109.61,0.93
2019-06-04,107.5,108,109,107.4,68.56,0.47
2019-06-03,105.8,107.5,108.15,105,82.93,1.18
2019-05-31,105.2,106.25,106.45,105,76.98,0.05
2019-05-30,103.9,106.2,106.7,102.85,177.74,2.36
2019-05-29,102,103.75,103.75,101.65,112.28,1.37
2019-05-28,104,102.35,104.3,102.15,174.44,-1.59
2019-05-27,104,104,104.5,103.8,25.5,0.1
2019-05-24,102.5,103.9,103.95,102.25,273.68,1.17
2019-05-23,103.2,102.7,103.55,102.3,184.22,-0.77
2019-05-22,103,103.5,103.95,102.3,120.72,0.49
2019-05-21,102.6,103,103.1,102.3,70.12,0.73
2019-05-20,104.05,102.25,104.5,102.25,67.54,-1.73
2019-05-17,104,104.05,104.3,102.8,58.85,-0.1
2019-05-16,102.3,104.15,104.2,101.6,135.53,2.21
2019-05-15,103.8,101.9,104.15,101,101.96,-1.21
2019-05-14,105.5,103.15,105.8,103.15,70.33,-1.62
2019-05-13,106.6,104.85,106.65,104.15,40.19,-1.5
2019-05-10,105.75,106.45,107.2,105.2,55.76,1.67
2019-05-09,107.45,104.7,108.15,104.7,70.64,-2.56
2019-05-08,109,107.45,109.3,107.05,80.39,-0.78
2019-05-07,113,108.3,113,108.3,67.34,-3.73
2019-05-06,113.1,112.5,113.9,111.95,62.98,-1.27
2019-05-02,114,113.95,114.65,113.5,39.85,0.22
2019-04-30,116,113.7,116,113,88.68,-2.94
2019-04-29,116.5,117.15,117.2,116.25,26.44,0.56
2019-04-26,113.95,116.5,116.6,113.95,49.44,1.92
2019-04-25,116.25,114.3,116.95,113.7,58.32,-1.68
2019-04-24,117.25,116.25,117.85,115.85,157.42,-0.98
2019-04-23,116.6,117.4,117.4,115.95,64.79,0.43
2019-04-22,116.9,116.9,116.9,116.9,0,0
2019-04-19,116.9,116.9,116.9,116.9,0,0
2019-04-18,115.4,116.9,116.9,114.95,143.5,1.65
2019-04-17,114,115,115,113.35,139.38,1.01
2019-04-16,112.7,113.85,113.85,112.65,68.08,1.02
2019-04-15,113.8,112.7,114.3,112.5,37.46,-1.36
2019-04-12,114,114.25,114.5,113.65,60.49,0.4
2019-04-11,113.8,113.8,114.3,113.55,31.76,0
2019-04-10,113.2,113.8,114.3,113.2,36.61,0.4
2019-04-09,113.2,113.35,113.55,112.1,42.55,0.58
2019-04-08,113.45,112.7,113.7,112.15,23.57,-0.44
2019-04-05,114.3,113.2,114.8,112.7,67.7,-0.75
2019-04-04,112,114.05,114.6,111.6,124.44,1.6
2019-04-03,111.5,112.25,112.5,110.8,44.31,1.04
2019-04-02,110.6,111.1,111.55,110.6,30.55,0.45
2019-04-01,110.85,110.6,111.6,110.2,31.51,0.55
2019-03-29,110,110,111.05,109.55,41.82,0.09
2019-03-28,110,109.9,110.7,109.65,12.12,-0.09
2019-03-27,111.5,110,112,110,60.36,-1.39
2019-03-26,110.15,111.55,111.55,109.65,22.4,0.72
2019-03-25,109.5,110.75,110.8,109.05,35.07,1
2019-03-22,111.9,109.65,112,109.65,53.43,-2.1
2019-03-21,112,112,112.35,110.7,31.49,0
2019-03-20,110.5,112,112,110.5,31.42,1.54
2019-03-19,110,110.3,111.55,109.85,44.3,0.36
2019-03-18,111.75,109.9,112.35,109.85,36.65,-1.21
2019-03-15,110.35,111.25,112.35,110.1,184.5,1.32
2019-03-14,110.6,109.8,110.65,109.1,28.79,-0.63
2019-03-13,109.25,110.5,110.5,108.55,33.79,0.87
2019-03-12,109.8,109.55,109.8,108.3,24.78,0.55
2019-03-11,109,108.95,109.35,108.5,28.56,0.51
2019-03-08,109.95,108.4,109.95,107.9,60.67,-1.45
2019-03-07,111.05,110,111.45,109.6,27.86,-0.81
2019-03-06,112,110.9,112.45,110.6,35.85,-0.58
2019-03-05,112.25,111.55,112.8,111.15,24.65,-0.84
2019-03-04,113.4,112.5,113.95,111.85,50.09,0
2019-03-01,113.1,112.5,114.55,112.3,28.04,-0.71
2019-02-28,113.5,113.3,114,112.15,94.16,0.18
2019-02-27,114.85,113.1,114.85,113,34.91,-1.44
2019-02-26,116.5,114.75,116.5,113.6,73.84,-1.08
2019-02-25,113,116,116,112.45,65.58,2.65
2019-02-22,112.6,113,113.8,112.25,35.09,0.18
2019-02-21,113.8,112.8,114.2,112,66.49,-0.84
2019-02-20,111.9,113.75,113.75,111.9,47.13,1.84
2019-02-19,110.65,111.7,112,110.3,37.89,0.95
2019-02-18,110.55,110.65,111.35,109.75,25.83,0.23
2019-02-15,109.7,110.4,111.5,109.65,35.82,0.91
2019-02-14,112.15,109.4,112.35,109.4,39.33,-2.06
2019-02-13,113,111.7,113.25,111.45,27.49,-1.15
2019-02-12,112,113,113,111.4,40.07,1.66
2019-02-11,112.2,111.15,113.25,111.15,36.64,-0.94
2019-02-08,111,112.2,112.25,110.7,31.73,1.22
2019-02-07,113.75,110.85,114.5,110.85,47.17,-2.89
2019-02-06,113.9,114.15,114.65,113,36.99,0.13
2019-02-05,112.5,114,114,112.2,38.37,1.6
2019-02-04,112,112.2,113.25,111.4,44.39,0.36
2019-02-01,111,111.8,111.85,110.55,51.92,1.08
2019-01-31,111.9,110.6,112.3,109.05,116.65,-0.18
2019-01-30,113.1,110.8,113.5,110.8,98.73,-2.34
2019-01-29,114,113.45,114.25,112.75,66.16,-0.44
2019-01-28,113.75,113.95,114.15,112.4,80.08,0.84
2019-01-25,114.4,113,114.95,113,82.38,-0.7
2019-01-24,114.55,113.8,115.4,113.15,88.83,0.22
2019-01-23,112.4,113.55,114.9,111.75,225.57,1.38
2019-01-22,113,112,113.75,111.75,169.22,-2.86
2019-01-21,115.7,115.3,116.4,114.55,22.86,-0.35
2019-01-18,117.2,115.7,117.2,115.4,127.8,-0.73
2019-01-17,116.5,116.55,117.3,116.4,135.78,-0.38
2019-01-16,117,117,118.25,116.4,145.98,0.09
2019-01-15,115.35,116.9,117,115.1,138.98,1.65
2019-01-14,113.8,115,115,112.9,101.82,1.32
2019-01-11,113.65,113.5,114.15,112.75,102.4,0.35
2019-01-10,113.2,113.1,113.7,112.3,92.06,-0.83
2019-01-09,113.6,114.05,115.25,112.6,119.81,0.04
2019-01-08,113.4,114,114.45,112.25,96.38,0.84
2019-01-07,111.7,113.05,113.4,111.7,75.75,1.66
2019-01-04,109.25,111.2,111.5,109.1,69.9,2.11
2019-01-03,110.9,108.9,110.9,108.75,55.72,-2.24
2019-01-02,109.05,111.4,111.4,106.7,37.3,2.2
2018-12-31,109,109,109,109,0,0
2018-12-28,109.05,109,109.55,108.3,28.15,0.55
2018-12-27,109.9,108.4,110,107.85,36.26,-0.28
2018-12-24,108.7,108.7,108.7,108.7,0,0
2018-12-21,110.2,108.7,110.8,106.95,129.16,-1.32
2018-12-20,110.4,110.15,111.1,109.45,56.06,-1.43
2018-12-19,111.3,111.75,111.75,109.45,65.95,0.04
2018-12-18,105.9,111.7,111.85,105.9,140.18,4.54
2018-12-17,106.1,106.85,107.85,105.95,30.01,0.33
2018-12-14,107,106.5,108.1,104.7,77.5,-1.62
2018-12-13,108.15,108.25,108.4,105.4,71.87,0.65
2018-12-12,103.9,107.55,107.55,103.65,72.33,4.42
2018-12-11,107.2,103,108.25,103,74.08,-3.38
2018-12-10,108,106.6,109.2,106.6,26.41,-1.98
2018-12-07,109.5,108.75,110.95,108.15,40.28,0.18
2018-12-06,112,108.55,112.1,108.55,58.09,-3.94
2018-12-05,111.55,113,113,110.6,51.27,-0.22
2018-12-04,112.9,113.25,113.45,111.35,112.55,0
2018-12-03,110.8,113.25,113.45,110.4,110.77,3.14
2018-11-30,109.5,109.8,109.8,106.15,139.67,0.32
2018-11-29,109.2,109.45,109.45,107.45,52.36,1.06
2018-11-28,107.4,108.3,109.2,107.3,72.4,1.12
2018-11-27,105.5,107.1,107.1,104.5,74.04,1.52
2018-11-26,105.15,105.5,106.05,104.65,58.34,1.15
2018-11-23,104.45,104.3,105,103.6,20.4,0.1
2018-11-22,104.1,104.2,105.45,102.65,29.44,0.19
2018-11-21,102.6,104,104,102.55,53.48,1.76
2018-11-20,101.7,102.2,103.8,100.7,73.01,-0.34
2018-11-19,101.5,102.55,102.9,98.14,94.98,1.53
2018-11-16,105.25,101,106.5,97.3,255.17,-3.72
2018-11-15,107.4,104.9,108.2,104.9,51.92,-2.19
2018-11-14,107.7,107.25,108.4,104.65,108.08,-1.56
2018-11-13,110.4,108.95,110.5,107.5,46.94,-1.85
2018-11-12,111,111,111,111,0,0
2018-11-09,111.1,111,111.15,109.7,54.66,-0.67
2018-11-08,111.5,111.75,111.75,110.7,69.72,0.22
2018-11-07,108,111.5,111.85,108,149.6,3.34
2018-11-06,107.2,107.9,107.9,106.2,44.34,0.56
2018-11-05,106.5,107.3,107.3,105.8,52.67,0.94
2018-11-02,105.5,106.3,107.05,105.5,88.88,1.53
2018-10-31,103,104.7,104.9,102.85,110.96,1.8
2018-10-30,101.5,102.85,102.85,100.85,41.98,1.28
2018-10-29,101.05,101.55,102.95,100.3,36.21,-1.55
2018-10-25,102.45,103.15,103.15,101.75,66.04,-0.19
2018-10-24,102.3,103.35,104.4,102.3,43.07,0.83
2018-10-23,101.8,102.5,103.6,101.75,68.4,-0.24
2018-10-22,104.2,102.75,104.2,102.3,28.02,-0.82
2018-10-19,103.15,103.6,104,102,53.94,-0.29
2018-10-18,102.6,103.9,103.95,102.2,41.83,0.87
2018-10-17,104.25,103,105.1,102.2,61.43,-0.82
2018-10-16,102.3,103.85,103.85,100.85,74.09,2.47
2018-10-15,102.5,101.35,102.6,100.8,45.59,-0.78
2018-10-12,102.3,102.15,103.1,101.8,53.12,0.2
2018-10-11,101.9,101.95,103,101.15,85.81,-1.31
2018-10-10,104.95,103.3,105.3,102.65,58.94,-1.9
2018-10-09,103.1,105.3,105.4,102.7,42.79,2.18
2018-10-08,104.4,103.05,104.75,103.05,39.91,-1.29
2018-10-05,105.9,104.4,105.9,104.3,40.6,-1.51
2018-10-04,106.5,106,106.9,105.4,50.61,-1.12
2018-10-03,107,107.2,108.2,106.85,75.26,0.37
2018-10-02,104.65,106.8,106.8,103.8,52.79,1.52
2018-10-01,106.8,105.2,107.45,104.65,58.39,-0.94
2018-09-28,107.2,106.2,107.5,105,146.53,-1.62
2018-09-27,108,107.95,108.3,106.35,116.36,-0.37
2018-09-26,107.65,108.35,108.4,106.35,74.44,0.6
2018-09-25,109,107.7,109.5,107.65,92.76,0.98
2018-09-24,108.55,106.65,109,105.7,97.86,-1.07
2018-09-21,112.4,107.8,112.7,107.8,426.72,-3.53
2018-09-20,109.6,111.75,112.8,109.6,83.84,1.31
2018-09-19,107.75,110.3,111.35,107.75,95.38,2.8
2018-09-18,107.2,107.3,109.2,106.55,64.25,0.19
2018-09-17,107.45,107.1,108,106.1,66.08,-0.37
2018-09-14,107.95,107.5,107.95,106.55,86.41,0.47
2018-09-13,106,107,108.2,105.4,91.61,1.37
2018-09-12,110.15,105.55,111.25,105.55,129.52,-4.13
2018-09-11,112.65,110.1,113,109.8,74.94,-1.83
2018-09-10,109.8,112.15,112.45,109.8,85.37,2.61
2018-09-07,113,109.3,113.3,109.1,112.55,-2.93
2018-09-06,113.5,112.6,115.1,112.4,75.04,-1.27
2018-09-05,115.45,114.05,116.5,114.05,71.93,-1.26
2018-09-04,117.35,115.5,118.8,114.1,60.6,-1.28
2018-09-03,116.85,117,118.25,116.05,58.13,0.13
2018-08-31,117.3,116.85,117.8,115.8,78.78,-0.64
2018-08-30,118.25,117.6,119.35,117,76.94,-0.34
2018-08-29,119.6,118,119.7,116.8,85.66,-1.17
2018-08-28,120.6,119.4,121,118.9,89.75,-0.91
2018-08-27,118.1,120.5,120.85,117.8,141.54,2.86
2018-08-24,118.45,117.15,118.9,117.15,61.23,-1.43
2018-08-23,116,118.85,119.2,116,147.3,2.41
2018-08-22,115.1,116.05,117.3,115.1,105.65,0.13
2018-08-21,113.2,115.9,116.4,112.05,98.71,2.75
2018-08-20,112.7,112.8,113.95,111.8,61.7,1.12
2018-08-17,114.9,111.55,114.9,111.3,55.5,-2.23
2018-08-16,114.85,114.1,115.7,113.3,90.21,-0.78
2018-08-14,115.4,115,117.5,113.6,59.04,0
2018-08-13,115.2,115,116,114.45,64.16,-0.82
2018-08-10,118.9,115.95,118.9,115.45,58.68,-3.33
2018-08-09,118.3,119.95,120.25,116.5,120.77,1.7
2018-08-08,117.3,117.95,119.8,116.8,355.27,7.13
2018-08-07,111.5,110.1,112.1,110.1,68.21,-1.26
2018-08-06,111.5,111.5,111.5,109.75,40.18,0.45
2018-08-03,111,111,111.7,110.4,56.48,0
2018-08-02,110.85,111,111.4,110.4,29.38,0.23
2018-08-01,111.8,110.75,112.4,108.9,81.48,-0.98
2018-07-31,109.85,111.85,112.35,109.05,98.87,1.77
2018-07-30,107.2,109.9,109.9,106.3,74.14,3
2018-07-27,108.1,106.7,108.6,106.55,43.68,-0.93
2018-07-26,107.65,107.7,108.15,106.1,99.35,0.14
2018-07-25,108,107.55,109,107.1,34.33,-0.42
2018-07-24,105.25,108,108.95,105.25,106.65,2.37
2018-07-23,104.4,105.5,105.6,104.05,56.25,1.44
2018-07-20,102.35,104,104,101.65,49.38,1.51
2018-07-19,101.75,102.45,102.9,101.1,42.04,0.79
2018-07-18,102.9,101.65,103.35,100.5,49.71,-0.83
2018-07-17,103.95,102.5,104.7,101.65,53.21,-1.06
2018-07-16,104.7,103.6,104.75,103.6,17.39,-1.29
2018-07-13,105.7,104.95,105.7,104,33.98,-0.38
2018-07-12,105.7,105.35,105.7,104.2,29.01,0.33
2018-07-11,105.85,105,106.45,105,24.59,-1.32
2018-07-10,105,106.4,107.1,104.8,62.83,1.53
2018-07-09,106.05,104.8,106.85,104.7,24.19,-0.76
2018-07-06,106.4,105.6,106.75,105.6,28.97,-0.85
2018-07-05,106.35,106.5,106.9,105.35,98.63,-6.62
2018-07-04,113.15,114.05,114.05,112.65,51.25,1.2
2018-07-03,112.75,112.7,113.3,112.2,42.46,0.58
2018-07-02,113,112.05,113,110.9,48.18,-0.84
2018-06-29,113.5,113,114.1,112,44.91,0.71
2018-06-28,113.9,112.2,114.15,111.8,41.14,-1.67
2018-06-27,114.55,114.1,115.15,113.9,96.94,-0.78
2018-06-26,114,115,115.5,114,88.46,0.79
2018-06-25,114.75,114.1,114.9,113.7,49.15,-0.57
2018-06-22,115.5,114.75,115.5,114.2,47.93,0.22
2018-06-21,115.4,114.5,115.9,112.5,57.69,-0.52
2018-06-20,113.45,115.1,115.9,113.4,90.24,1.5
2018-06-19,113,113.4,113.65,112.05,77.74,-1.31
2018-06-18,117,114.9,117.1,113.45,41.92,-1.75
2018-06-15,119.7,116.95,120.5,116.95,164.45,-2.5
2018-06-14,119.75,119.95,120.8,118.9,130.63,0.08
2018-06-13,121.25,119.85,121.25,119.65,40.15,-1.32
2018-06-12,121.85,121.45,121.85,120.3,40.11,-0.04
2018-06-11,120.95,121.5,122,120.25,36.74,0.83
2018-06-08,120,120.5,120.85,116.25,52.59,-0.99
2018-06-07,120.5,121.7,121.7,119.5,61.68,1.63
2018-06-06,120.15,119.75,120.15,118.45,74.92,-0.13
2018-06-05,115.55,119.9,121,114.4,118.91,3.01
2018-06-01,113,116.4,116.55,111.6,130.18,4.11
2018-05-30,112.05,111.8,112.5,110.75,213.42,-0.71
2018-05-29,114,112.6,114.2,111.75,45.27,-1.49
2018-05-28,114.05,114.3,115.15,113.8,27.32,0.7
2018-05-25,114,113.5,114.15,111.65,109.91,-0.26
2018-05-24,114,113.8,115.1,113.2,72.76,-0.09
2018-05-23,114.15,113.9,114.65,112.95,97.48,-0.18
2018-05-22,115.25,114.1,115.75,113.5,77.55,-0.74
2018-05-21,115.6,114.95,116.45,114.35,62.09,-0.17
2018-05-18,115.35,115.15,116.65,114.1,71.56,-0.48
2018-05-17,117.4,115.7,117.7,114.7,152.14,-1.53
2018-05-16,119,117.5,119.05,117,57.98,-1.01
2018-05-15,120,118.7,120.45,118.3,96.26,-1.49
2018-05-14,120,120.5,121.35,119.55,111.47,0.67
2018-05-11,116.2,119.7,119.85,116.2,196.57,2.88
2018-05-10,117.8,116.35,117.8,115,125.53,-0.13
2018-05-09,114.8,116.5,117.05,114.8,247.05,1.57
2018-05-08,116,114.7,116,112.85,110.75,-0.26
2018-05-07,117.4,115,117.4,115,76.37,-1.79
2018-05-04,117.5,117.1,118.4,116.4,70.03,-0.68
2018-05-02,117,117.9,118.15,116,104.92,0.86
2018-04-30,117.95,116.9,118.7,115.8,75.24,-0.51
2018-04-27,118.45,117.5,118.45,116.8,43.53,-0.3
2018-04-26,117.6,117.85,118.6,116.55,114.47,0.6
2018-04-25,120.5,117.15,120.85,117.15,95.27,-2.78
2018-04-24,121.8,120.5,122.5,120.5,76.24,-0.66
2018-04-23,122,121.3,122.3,120.6,62.76,-0.21
2018-04-20,122.8,121.55,123.3,121.55,53.86,-0.78
2018-04-19,122,121.3,122.3,120.6,62.76,-0.21
